code,category,date,time_start,time_end,location,lat,lng
1,機車竊盜,2018-01-04,00,02,臺北市中山區林森北路133巷72弄內,25.0508738,121.5274436
2,機車竊盜,2018-01-04,06,08,臺北市士林區德行東路90巷27弄1~30號,25.1064225,121.5281452
3,機車竊盜,2018-01-05,22,24,臺北市大安區仁愛路3段1~30號,25.0385361,121.5332043
4,機車竊盜,2018-01-06,00,02,臺北市中正區文北里杭州南路1段61~90號,25.0404631,121.525963
5,機車竊盜,2018-01-07,18,20,臺北市萬華區大理街91~120號,25.0343493,121.4985342
6,機車竊盜,2018-01-13,20,22,臺北市文山區景華里羅斯福路6段(景華街口),24.9949058,121.5411222
7,機車竊盜,2018-01-14,22,24,臺北市內湖區安泰街45巷1~30號,25.0738093,121.6180355
8,機車竊盜,2018-01-18,16,18,臺北市大同區歸綏街91~120號,25.0588322,121.5164064
9,機車竊盜,2018-01-21,06,08,臺北市大同區重慶北路2段31~60號,25.0549798,121.5144099
10,機車竊盜,2018-02-01,02,04,臺北市北投區福興里石牌路1段1~30號,25.1126143,121.5095241
11,機車竊盜,2018-02-02,10,12,臺北市中山區林森北路271~300號,25.0551668,121.5256069
12,機車竊盜,2018-02-06,04,06,臺北市北投區福興里自強街31~60號,25.1103368,121.5128452
13,機車竊盜,2018-02-07,14,16,臺北市中正區建國里重慶南路1段126巷(北側路邊停車格),25.0372402,121.5124533
14,機車竊盜,2018-02-08,04,06,臺北市北投區福興里自強街31巷61~90號,25.1124156,121.5149198
15,機車竊盜,2018-02-09,18,20,臺北市士林區社子街125巷1~30號,25.088673,121.5052226
16,機車竊盜,2018-02-18,08,10,臺北市萬華區德昌街1~30號,25.0252995,121.500123
17,機車竊盜,2018-02-18,16,18,臺北市中正區永功里中華路2段451~480號,25.029695,121.504177
18,機車竊盜,2018-02-21,22,24,臺北市大同區平陽街31~60號,25.0552303,121.5169189
19,機車竊盜,2018-02-22,06,08,臺北市松山區東興路1~30號,,
20,機車竊盜,2018-02-25,00,02,臺北市內湖區新明路351巷與新明路口,25.0559638,121.5827984
21,機車竊盜,2018-03-02,06,08,臺北市大安區學府里基隆路4段73巷,25.0126247,121.5399152
22,機車竊盜,2018-03-02,12,14,臺北市文山區明義里020鄰興隆路4段105巷31~60號,24.98791,121.561156
23,機車竊盜,2018-03-03,14,16,臺北市內湖區康寧路3段54巷1~30號,25.071675,121.6087405
24,機車竊盜,2018-03-06,00,02,臺北市北投區尊賢里實踐街1~30號,25.1146721,121.5072665
25,機車竊盜,2018-03-12,12,14,臺北市中正區汀洲路,25.0161185,121.5307097
26,機車竊盜,2018-03-16,08,10,臺北市大安區仁愛里復興南路1段177巷,25.0409007,121.544191
27,機車竊盜,2018-03-18,18,20,臺北市大安區通化里通化街61~90號,25.0304635,121.5543416
28,機車竊盜,2018-03-19,10,12,臺北市士林區三玉里忠誠路2段10巷1~30號,25.1088225,121.5298502
29,機車竊盜,2018-03-19,20,22,臺北市大同區民權西路(與重慶北路口),25.0628632,121.5197213
30,機車竊盜,2018-03-23,18,20,臺北市大同區南京西路181~210號,25.054048,121.512454
31,機車竊盜,2018-03-25,00,02,臺北市萬華區貴陽街2段91~120號,25.0399086,121.5037068
32,機車竊盜,2018-03-25,04,06,臺北市中正區光復里漢口街1段91~120號,25.0452555,121.5109513
33,機車竊盜,2018-03-29,10,12,臺北市大安區永康里愛國東路79巷,25.0320431,121.5275183
34,機車竊盜,2018-03-31,08,10,臺北市信義區松山路391~420號,25.041855,121.578106
35,機車竊盜,2018-04-02,18,20,臺北市北投區永欣里石牌路2段181~210號,25.1186268,121.5182362
36,機車竊盜,2018-04-06,14,16,臺北市大安區建倫里敦化南路1段211~240號,25.0418286,121.5492347
37,機車竊盜,2018-04-10,14,16,臺北市中山區松江路121~150號,25.0526791,121.5333874
38,機車竊盜,2018-04-11,12,14,臺北市大同區重慶北路3段296巷(迪化街2段),25.0735688,121.512747
39,機車竊盜,2018-04-15,04,06,臺北市松山區南京東路5段291巷19弄,25.0523957,121.5672849
40,機車竊盜,2018-04-16,16,18,臺北市中山區敬業四路與樂群二路口(報案在破獲之後),25.0799656,121.5585207
41,機車竊盜,2018-04-16,20,22,臺北市內湖區新湖三路與民善街口,25.0586416,121.5755251
42,機車竊盜,2018-04-18,04,06,臺北市大同區承德路3段122巷1~30號,25.0672375,121.5179346
43,機車竊盜,2018-04-18,06,08,臺北市大同區甘州街與歸綏街口,25.0594063,121.512764
44,機車竊盜,2018-04-18,14,16,臺北市大安區忠孝東路3段217巷1弄1~30號,25.0422752,121.5395869
45,機車竊盜,2018-04-20,06,08,臺北市北投區文林里文林北路61~90號,25.1124156,121.5149198
46,機車竊盜,2018-04-20,16,18,臺北市文山區萬美里007鄰萬芳路1~30號,24.9949916,121.571057
47,機車竊盜,2018-04-21,10,12,臺北市大安區古莊里羅斯福路與浦城街口,25.0221117,121.526559
48,機車竊盜,2018-04-25,10,12,臺北市中正區文盛里羅斯福路3段211~240號,25.0199252,121.5291567
49,機車竊盜,2018-04-28,10,12,臺北市信義區永春里中坡北路37巷1~30號,25.045712,121.58035
50,機車竊盜,2018-05-01,04,06,臺北市松山區復興北路151~180號,25.0536578,121.5444713
51,機車竊盜,2018-05-02,22,24,臺北市南港區忠孝東路6段421~450號,25.0505997,121.5931743
52,機車竊盜,2018-05-05,06,08,臺北市中山區民權東路2段92巷口,25.0607218,121.5318211
53,機車竊盜,2018-05-07,12,14,臺北市文山區萬盛里羅斯福路5段97巷1~30號,25.0055523,121.5392736
54,機車竊盜,2018-05-08,12,14,臺北市大同區迪化街1段271~300號,25.0612181,121.5093698
55,機車竊盜,2018-05-10,04,06,臺北市信義區安康里松勇路69巷1~30號,25.033598,121.5704473
56,機車竊盜,2018-05-10,12,14,臺北市松山區南京東路5段(南京三民捷運站旁),25.051429,121.563858
57,機車竊盜,2018-05-12,18,20,臺北市內湖區新湖一路36巷1~30號,25.0592731,121.5745776
58,機車竊盜,2018-05-13,06,08,臺北市文山區羅斯福路5段121~150號,25.00492,121.539091
59,機車竊盜,2018-05-14,22,24,臺北市士林區前港街110巷1~30號,25.0846318,121.5184467
60,機車竊盜,2018-05-16,00,02,臺北市南港區成福路31~60號,25.0446175,121.58685
61,機車竊盜,2018-05-16,20,22,臺北市中正區北平西路1~30號,25.046824,121.519112
62,機車竊盜,2018-05-16,22,24,臺北市文山區木柵里022鄰秀明路1段31~60號,24.9894415,121.5641733
63,機車竊盜,2018-05-18,02,04,臺北市信義區富陽街72巷,25.0220255,121.5558703
64,機車竊盜,2018-05-20,16,18,臺北市松山區八德路4段301~330號,25.0492205,121.566538
65,機車竊盜,2018-05-25,22,24,臺北市萬華區西園路2段372巷31~60號,25.026545,121.490517
66,機車竊盜,2018-05-26,02,04,臺北市中山區新生北路2段60巷﹑長春路61巷口,25.0557221,121.5263753
67,機車竊盜,2018-05-26,20,22,臺北市大同區民權西路160巷30弄,25.0612817,121.5149664
68,機車竊盜,2018-05-27,08,10,臺北市文山區景行里車前路1~30號,24.9912048,121.5411398
69,機車竊盜,2018-05-27,12,14,臺北市士林區福德路1~30號,25.093535,121.52623
70,機車竊盜,2018-05-27,16,18,臺北市萬華區萬大路486巷59弄1~30號,25.0203937,121.4959257
71,機車竊盜,2018-05-27,22,24,臺北市松山區八德路4段451~480號,25.0499517,121.5705188
72,機車竊盜,2018-05-30,16,18,臺北市信義區大道里忠孝東路5段790巷20弄1~30號,25.04289,121.582068
73,機車竊盜,2018-05-31,04,06,臺北市內湖區成功路4段324巷1弄1~30號,25.085437,121.598806
74,機車竊盜,2018-06-01,22,24,臺北市南港區玉成里八德路4段768巷1~30號,25.0503325,121.5816557
75,機車竊盜,2018-06-05,00,02,臺北市萬華區環河南路2段241~270號,25.0314128,121.490959
76,機車竊盜,2018-06-07,06,08,臺北市中山區建國北路2段258巷1~30號,25.0619183,121.5364888
77,機車竊盜,2018-06-12,10,12,臺北市內湖區內湖路1段715巷,25.0803108,121.5781303
78,機車竊盜,2018-06-16,02,04,臺北市大同區雙連街1巷1~30號,25.057899,121.519405
79,機車竊盜,2018-06-16,18,20,臺北市大同區承德路3段129巷1~30號,25.067361,121.5187584
80,機車竊盜,2018-06-17,16,18,臺北市中山區中原街31~60號,25.0566244,121.5289663
81,機車竊盜,2018-06-17,18,20,臺北市中山區吉林路236巷1~30號,25.0594698,121.5299758
82,機車竊盜,2018-06-24,04,06,臺北市中正區水源里思源街1~30號,25.0125167,121.5300056
83,機車竊盜,2018-06-24,08,10,臺北市北投區清江里崇仁路1段61~90號,25.1268474,121.5014953
84,機車竊盜,2018-06-25,04,06,臺北市萬華區廣州街181~210號,25.0367399,121.5009654
85,機車竊盜,2018-06-28,04,06,臺北市大安區通化里光復南路628巷,25.0316055,121.5572371
86,機車竊盜,2018-06-28,22,24,臺北市文山區景仁里羅斯福路6段31~60號,24.9997786,121.540048
87,機車竊盜,2018-07-01,04,06,臺北市大安區仁愛里復興南路1段177巷,25.0409007,121.544191
88,機車竊盜,2018-07-04,00,02,臺北市內湖區康樂街151巷內,25.0718752,121.6199728
89,機車竊盜,2018-07-05,04,06,臺北市北投區中庸里大業路691~720號,25.1371978,121.500184
90,機車竊盜,2018-07-05,12,14,臺北市北投區八仙里崇仁路1段(與三合街2段口),25.1258802,121.5015483
91,機車竊盜,2018-07-05,14,16,臺北市大同區民族西路225巷1~30號,25.0698777,121.5123745
92,機車竊盜,2018-07-06,00,02,臺北市大安區通化里通化街19巷6弄,25.0312951,121.5547957
93,機車竊盜,2018-07-10,04,06,臺北市大同區迪化街2段301~330號,25.073632,121.5124902
94,機車竊盜,2018-07-11,16,18,臺北市內湖區成功路4段324巷口,25.085437,121.598806
95,機車竊盜,2018-07-12,08,10,臺北市中山區建國北路3段81巷1~30號,25.0654905,121.5372237
96,機車竊盜,2018-07-12,08,10,臺北市中山區建國北路3段81巷1~30號,25.0654905,121.5372237
97,機車竊盜,2018-07-13,08,10,臺北市中山區建國北路3段81巷1~30號,25.0654905,121.5372237
98,機車竊盜,2018-07-14,18,20,臺北市中山區林森北路421~450號,25.0604226,121.5261346
99,機車竊盜,2018-07-15,14,16,臺北市內湖區港墘里港墘路31~60號,25.0824228,121.5784553
100,機車竊盜,2018-07-16,08,10,臺北市大同區迪化街2段301~330號,25.073632,121.5124902
101,機車竊盜,2018-07-20,06,08,臺北市中山區合江街36巷31~60號,25.0555906,121.5379137
102,機車竊盜,2018-07-21,00,02,臺北市大安區敦安里安和路1段112巷1~30號,25.0339247,121.5522619
103,機車竊盜,2018-07-23,22,24,臺北市大安區通化里通化街39巷49弄1~30號,25.0308498,121.5555506
104,機車竊盜,2018-07-24,06,08,臺北市萬華區環河南路2段241~270號,25.0314128,121.490959
105,機車竊盜,2018-07-26,00,02,臺北市萬華區中華路2段364巷22弄(口處),25.0288084,121.504126
106,機車竊盜,2018-07-26,14,16,臺北市信義區吳興街,25.0265223,121.5641888
107,機車竊盜,2018-07-27,10,12,臺北市文山區順興里007鄰木新路2段241~270號,24.9832242,121.5661935
108,機車竊盜,2018-07-27,16,18,臺北市萬華區西園路2段271~300號,25.0293413,121.4957544
109,機車竊盜,2018-07-28,02,04,臺北市南港區新富里研究院路1段2巷1~30號,25.0524105,121.6163912
110,機車竊盜,2018-07-28,06,08,臺北市文山區樟新里011鄰木新路3段301~330號,24.9825561,121.5649632
111,機車竊盜,2018-07-28,10,12,臺北市中正區文盛里羅斯福路4段12巷(內),25.0156939,121.5329283
112,機車竊盜,2018-07-29,04,06,臺北市大安區延吉街131巷1弄31~60號,25.0426547,121.5557867
113,機車竊盜,2018-08-01,14,16,臺北市大同區承德路1段1~30號,25.0493012,121.5171717
114,機車竊盜,2018-08-02,06,08,臺北市士林區蘭雅里中山北路6段290巷7弄,25.1102733,121.5266622
115,機車竊盜,2018-08-02,18,20,臺北市信義區四維里虎林街70巷31~60號,25.044237,121.575979
116,機車竊盜,2018-08-03,22,24,臺北市中山區松江路431巷1~30號,25.0654898,121.5348813
117,機車竊盜,2018-08-04,02,04,臺北市萬華區環河南路2段125巷1~30號,25.0343705,121.4936711
118,機車竊盜,2018-08-07,14,16,臺北市信義區富台里忠孝東路5段1~30號,25.0410758,121.5756
119,機車竊盜,2018-08-08,16,18,臺北市大同區西寧北路61~90號,25.0545819,121.50896
120,機車竊盜,2018-08-09,02,04,臺北市松山區八德路3段158巷20弄1~30號,25.0472201,121.5551047
121,機車竊盜,2018-08-09,14,16,臺北市萬華區富民路145巷15弄1~30號,25.018566,121.500157
122,機車竊盜,2018-08-09,18,20,臺北市士林區富光里葫蘆街61~90號,25.0802977,121.5088858
123,機車竊盜,2018-08-10,16,18,臺北市大安區錦華里潮州街26巷1~30號,25.0290303,121.5224813
124,機車竊盜,2018-08-10,22,24,臺北市大安區法治里通化街171巷30弄1~30號,25.0273547,121.5549931
125,機車竊盜,2018-08-11,18,20,臺北市大同區長安西路172巷,25.0505841,121.5159676
126,機車竊盜,2018-08-12,06,08,臺北市信義區虎林街101巷1~30號,25.0428818,121.577368
127,機車竊盜,2018-08-13,00,02,臺北市中正區忠勤里中華路2段315巷1~30號,25.0284353,121.5070237
128,機車竊盜,2018-08-16,04,06,臺北市萬華區雙園街61~90號,25.0300279,121.4941692
129,機車竊盜,2018-08-16,04,06,臺北市萬華區大理街160巷19弄31~60號,25.0331639,121.4934029
130,機車竊盜,2018-08-16,04,06,臺北市大安區芳和里和平東路3段212巷31~60號,25.0217327,121.5535597
131,機車竊盜,2018-08-16,04,06,臺北市大安區住安里信義路4段30巷27弄1~30號,25.0320179,121.545647
132,機車竊盜,2018-08-18,08,10,臺北市大安區臨江街40巷1~30號,25.0296235,121.5562997
133,機車竊盜,2018-08-18,10,12,臺北市中山區中山北路2段77巷1~30號,25.057448,121.5234412
134,機車竊盜,2018-08-20,04,06,臺北市信義區臺鐵松山車站西邊機車停車場,25.049284,121.5782834
135,機車竊盜,2018-08-22,06,08,臺北市中山區新生北路3段1~30號,25.0654106,121.5272432
136,機車竊盜,2018-08-22,08,10,臺北市中正區黎明里南陽街1~30號,25.0457437,121.5161821
137,機車竊盜,2018-08-24,04,06,臺北市大安區龍坡里泰順街31~60號,25.024351,121.531462
138,機車竊盜,2018-08-24,06,08,臺北市文山區萬美里010鄰萬美街1段91~120號,25.0022594,121.5703005
139,機車竊盜,2018-08-26,10,12,臺北市大同區太原路91~120號,25.0521065,121.5158019
140,機車竊盜,2018-08-26,16,18,臺北市松山區南京東路4段75巷1~30號,25.0520674,121.5538178
141,機車竊盜,2018-08-27,02,04,臺北市萬華區民和街31~60號,25.0257777,121.4992654
142,機車竊盜,2018-08-31,12,14,臺北市大安區學府里羅斯福路4段1~30號,25.0173405,121.5397518
143,機車竊盜,2018-08-31,12,14,臺北市大安區群賢里復興南路2段171巷1~30號,25.027449,121.544866
144,機車竊盜,2018-09-01,00,02,臺北市中山區南大路(靠近青草湖),24.788147,120.96733
145,機車竊盜,2018-09-01,16,18,臺北市萬華區環河南路2段181~210號,25.0324131,121.4920947
146,機車竊盜,2018-09-03,22,24,臺北市大同區太原路133巷1~30號,25.0531421,121.516309
147,機車竊盜,2018-09-05,02,04,臺北市士林區通河東路2段20巷,25.0925716,121.5144529
148,機車竊盜,2018-09-05,12,14,臺北市信義區松仁路202巷2弄31~60號,25.0282111,121.5678904
149,機車竊盜,2018-09-05,12,14,臺北市信義區六合里松仁路202巷2弄31~60號,25.0282111,121.5678904
150,機車竊盜,2018-09-06,20,22,臺北市中山區民生東路1段23巷1~30號,25.058465,121.5247306
151,機車竊盜,2018-09-07,00,02,臺北市文山區萬芳里009鄰萬安街121~150號,25.0015492,121.5709354
152,機車竊盜,2018-09-08,08,10,臺北市松山區八德路4段106巷6弄1~30號,25.047257,121.561027
153,機車竊盜,2018-09-10,22,24,臺北市信義區黎安里和平東路3段509巷31~60號,25.0172456,121.5605855
154,機車竊盜,2018-09-12,06,08,臺北市大同區哈密街91~120號,25.0730655,121.5146399
155,機車竊盜,2018-09-14,16,18,臺北市士林區通河街91~120號,25.0806468,121.5219358
156,機車竊盜,2018-09-19,16,18,臺北市北投區中央里中央南路1段181~210號,25.128532,121.501093
157,機車竊盜,2018-09-19,22,24,臺北市萬華區(萬大路與富民路口),25.0191667,121.4980556
158,機車竊盜,2018-09-20,22,24,臺北市中山區新生北路2段31~60號,25.0542013,121.5278274
159,機車竊盜,2018-09-23,14,16,臺北市萬華區和平西路3段361~390號,25.035286,121.492062
160,機車竊盜,2018-09-25,18,20,臺北市內湖區瑞光路66巷口,25.0747339,121.577376
161,機車竊盜,2018-09-26,16,18,臺北市松山區寧安街7巷1~30號,25.0495769,121.554592
162,機車竊盜,2018-09-28,04,06,臺北市信義區中行里福德街301~330號,25.0392325,121.5874335
163,機車竊盜,2018-10-02,20,22,臺北市中山區新生北路3段55巷停車格,25.0680047,121.5243318
164,機車竊盜,2018-10-03,00,02,臺北市大同區鄭州路121~150號,25.0503611,121.5109208
165,機車竊盜,2018-10-04,04,06,臺北市文山區萬祥里羅斯福路5段211巷26弄1~30號,25.002197,121.539782
166,機車竊盜,2018-10-04,20,22,臺北市松山區八德路4段451~480號,25.0499517,121.5705188
167,機車竊盜,2018-10-06,22,24,臺北市北投區中央北路4段511~540號,25.128106,121.467295
168,機車竊盜,2018-10-09,12,14,臺北市文山區興得里興隆路3段192巷8弄1~30號,24.997323,121.558343
169,機車竊盜,2018-10-10,08,10,臺北市大安區通化里通化街39巷49弄1~30號,25.0308498,121.5555506
170,機車竊盜,2018-10-10,08,10,臺北市中山區林森北路485巷內,25.0601629,121.525422
171,機車竊盜,2018-10-12,10,12,臺北市大同區重慶北路3段151~180號,25.0685061,121.5138205
172,機車竊盜,2018-10-15,14,16,臺北市中山區林森北路241~270號,25.0538966,121.5254722
173,機車竊盜,2018-10-16,00,02,臺北市信義區正和里光復南路419巷1~30號,25.0364388,121.5588897
174,機車竊盜,2018-10-20,16,18,臺北市松山區光復南路31~60號,25.0465532,121.5581419
175,機車竊盜,2018-10-22,00,02,臺北市中山區新生北路3段82巷1~30號,25.0671118,121.5273123
176,機車竊盜,2018-10-25,06,08,臺北市大同區重慶北路1段83巷1~30號,25.052727,121.514951
177,機車竊盜,2018-10-26,00,02,臺北市信義區中行里中坡南路271~300號,25.0389702,121.5842636
178,機車竊盜,2018-10-28,18,20,臺北市萬華區康定路361~390號,25.0331795,121.5005597
179,機車竊盜,2018-10-31,04,06,臺北市中山區錦州街301~330號,25.0602793,121.5372166
180,機車竊盜,2018-11-01,00,02,臺北市萬華區西藏路181~210號,25.029291,121.500867
181,機車竊盜,2018-11-01,10,12,臺北市中山區南京東路2段121~150號,25.0522728,121.5339289
182,機車竊盜,2018-11-02,10,12,臺北市北投區洲美路271~300號,25.1090445,121.498669
183,機車竊盜,2018-11-02,14,16,臺北市中山區民權西路10巷1~30號,25.0623425,121.5221293
184,機車竊盜,2018-11-04,02,04,臺北市大同區重慶北路3段271~300號,25.0722023,121.5140946
185,機車竊盜,2018-11-08,18,20,臺北市中正區襄陽路1~30號,25.0435702,121.5164367
186,機車竊盜,2018-11-10,20,22,臺北市信義區忠孝東路5段790巷68弄1~30號,25.0406553,121.5834097
187,機車竊盜,2018-11-12,08,10,臺北市大同區酒泉街121~150號,25.072142,121.5147585
188,機車竊盜,2018-11-12,16,18,臺北市萬華區環河南路2段280巷1~30號,25.0324707,121.4906373
189,機車竊盜,2018-11-13,00,02,臺北市中正區市民大道2段?臺北車站M2出口機車停車,25.0471778,121.5172047
190,機車竊盜,2018-11-13,12,14,臺北市北投區榮光里石牌路1段121~150號,25.1144799,121.5134448
191,機車竊盜,2018-11-14,16,18,臺北市中山區濱江街180巷1~30號,25.0702006,121.5384182
192,機車竊盜,2018-11-16,04,06,臺北市信義區景新里吳興街269巷18弄1~30號,25.0271289,121.565152
193,機車竊盜,2018-11-18,02,04,臺北市信義區信義路6段76巷8弄1~30號,25.034301,121.576952
194,機車竊盜,2018-11-18,06,08,臺北市信義區福德街165巷1~30號,25.0375608,121.5836022
195,機車竊盜,2018-11-19,12,14,臺北市萬華區木柵路4段121~150號,24.99557,121.5720779
196,機車竊盜,2018-11-21,20,22,臺北市萬華區長泰街76巷1~30號,25.0227425,121.4996775
197,機車竊盜,2018-11-22,06,08,臺北市中山區林森北路399巷1~30號,25.059267,121.5256771
198,機車竊盜,2018-11-24,10,12,臺北市中正區文盛里羅斯福路3段211~240號,25.0199252,121.5291567
199,機車竊盜,2018-11-25,02,04,臺北市大同區民權西路292巷1~30號,25.0627125,121.5105773
200,機車竊盜,2018-11-29,06,08,臺北市信義區虎林街31~60號,25.047997,121.576394
201,機車竊盜,2018-12-01,18,20,臺北市中山區農安街241~270號,25.0648178,121.5345709
202,機車竊盜,2018-12-07,20,22,臺北市大同區哈密街23巷1~30號,25.074405,121.5184928
203,機車竊盜,2018-12-07,22,24,臺北市大安區敦煌里安和路1段127巷1~30號,25.0347211,121.552651
204,機車竊盜,2018-12-08,16,18,臺北市大同區迪化街2段364巷1~30號,25.0730718,121.5118797
205,機車竊盜,2018-12-11,18,20,臺北市中正區水源里汀州路三段與羅斯福路四段196巷口(人行,25.0115244,121.5359363
206,機車竊盜,2018-12-12,16,18,臺北市大安區群賢里四維路182巷,25.0275628,121.5468868
207,機車竊盜,2018-12-16,06,08,臺北市信義區信義路5段150巷481~510號,25.0256359,121.571654
208,機車竊盜,2018-12-19,02,04,臺北市大安區忠孝東路4段61~90號,25.0418045,121.5459871
209,機車竊盜,2018-12-19,08,10,臺北市大同區重慶北路3段211~240號,25.0702224,121.5139998
210,機車竊盜,2018-12-20,22,24,臺北市內湖區舊宗路1段121~150號,25.0606937,121.5792534
211,機車竊盜,2018-12-20,22,24,臺北市大同區重慶北路3段223巷1~30號,25.0705928,121.5145861
212,機車竊盜,2018-12-22,06,08,臺北市大同區環河北路1段421~450號,25.061883,121.508721
213,機車竊盜,2018-12-23,22,24,臺北市萬華區萬青街31~60號,25.025325,121.5018393
214,機車竊盜,2018-12-25,02,04,臺北市北投區豐年里中央北路2段121~150號,25.1371765,121.4944603
215,機車竊盜,2018-12-25,02,04,臺北市北投區中心里泉源路1~30號,25.143344,121.518621
216,機車竊盜,2018-12-27,12,14,臺北市士林區德行東路181~210號,25.1083939,121.5306546
217,機車竊盜,2018-12-29,18,20,臺北市萬華區漢口街2段31~60號,25.0456548,121.5074978
218,機車竊盜,2018-12-31,02,04,臺北市萬華區內江街1~30號,25.041564,121.506888
219,機車竊盜,2018-12-31,10,12,臺北市大同區承德路3段271~300號,25.0648588,121.518077
220,機車竊盜,2019-01-04,14,16,臺北市北投區長安里中央北路1段1~30號,25.1332675,121.5012809
221,機車竊盜,2019-01-10,22,24,臺北市中正區南福里南昌路1段121~150號,25.0299515,121.5183336
222,機車竊盜,2019-01-11,10,12,臺北市中正區南福里南昌路1段125巷(口),25.0298375,121.5186578
223,機車竊盜,2019-01-11,12,14,臺北市萬華區昆明街91~120號,25.0425483,121.5048969
224,機車竊盜,2019-01-13,08,10,臺北市萬華區內江街與西寧南路口,25.0415948,121.5058735
225,機車竊盜,2019-01-13,10,12,臺北市萬華區武昌街2段82巷,25.0443495,121.5057847
226,機車竊盜,2019-01-14,22,24,臺北市萬華區昆明街91~120號,25.0425483,121.5048969
227,機車竊盜,2019-01-16,20,22,臺北市萬華區成都路105巷1~30號,25.043868,121.5043652
228,機車竊盜,2019-01-16,22,24,臺北市萬華區武昌街2段91~120號,25.0457499,121.5048005
229,機車竊盜,2019-01-20,10,12,臺北市信義區敦厚里松隆路9巷1~30號,25.0437091,121.5666818
230,機車竊盜,2019-01-20,12,14,臺北市北投區豐年里中央北路2段271~300號,25.138384,121.490704
231,機車竊盜,2019-01-20,14,16,臺北市大同區歸綏街211~240號,25.058271,121.511797
232,機車竊盜,2019-01-21,20,22,臺北市萬華區西寧南路1~30號,25.0379309,121.5065205
233,機車竊盜,2019-01-27,04,06,臺北市大同區長安西路78巷4弄1~30號,25.0498299,121.5189129
234,機車竊盜,2019-02-01,16,18,臺北市信義區興雅里忠孝東路5段151~180號,25.0412401,121.5682903
235,機車竊盜,2019-02-06,20,22,臺北市信義區三犁里信義路5段151巷151~180號,25.0315161,121.5737776
236,機車竊盜,2019-02-09,14,16,臺北市萬華區三水街61~90號,25.035749,121.5036988
237,機車竊盜,2019-02-12,02,04,臺北市萬華區康定路287巷31~60號,25.0341374,121.5021289
238,機車竊盜,2019-02-13,12,14,臺北市北投區一德里立德路1~30號,25.1237772,121.4713961
239,機車竊盜,2019-02-15,10,12,臺北市文山區萬芳里010鄰萬安街21巷1~30號,25.000893,121.571106
240,機車竊盜,2019-02-18,02,04,臺北市北投區吉利里致遠二路95巷31~60號,25.1168706,121.5105716
241,機車竊盜,2019-02-24,20,22,臺北市北投區立賢里尊賢街243巷1~30號,25.1169823,121.5071471
242,機車竊盜,2019-02-28,18,20,臺北市內湖區南京東路6段451~480號,25.0609126,121.5872286
243,機車竊盜,2019-03-04,10,12,臺北市北投區建民里文林北路31~60號,25.1044106,121.5184945
244,機車竊盜,2019-03-06,00,02,臺北市北投區東華里東華街2段174巷1~30號,25.1207427,121.5106935
245,機車竊盜,2019-03-06,12,14,臺北市萬華區東園街181~210號,25.023807,121.497549
246,機車竊盜,2019-03-10,20,22,臺北市北投區永明里石牌路2段99巷31~60號,25.1181155,121.5166174
247,機車竊盜,2019-03-23,02,04,臺北市萬華區桂林路151~180號,25.0386487,121.4979439
248,機車竊盜,2019-03-23,18,20,臺北市萬華區艋舺大道275巷1~30號,25.0335372,121.4975034
249,機車竊盜,2019-03-24,18,20,臺北市中正區東門里信義路1段1~30號,25.033623,121.5439372
250,機車竊盜,2019-03-25,08,10,臺北市萬華區環河南路3段241~270號,25.020519,121.492792
251,機車竊盜,2019-03-25,20,22,臺北市北投區中央南路2段61~90號,25.123077,121.500447
252,機車竊盜,2019-03-26,10,12,臺北市北投區尊賢里尊賢街264巷1~30號,25.1174684,121.5072041
253,機車竊盜,2019-03-31,06,08,臺北市中山區林森北路85巷口,25.049002,121.528038
254,機車竊盜,2019-04-03,08,10,臺北市內湖區文湖街1~30號,25.0855125,121.5602207
255,機車竊盜,2019-04-05,22,24,臺北市中正區中山北路(忠孝東路東北角),25.0456409,121.5196517
256,機車竊盜,2019-04-06,00,02,臺北市萬華區西昌街181~210號,25.0386763,121.50074
257,機車竊盜,2019-04-10,02,04,臺北市松山區民族東路631~660號,25.069239,121.5350179
258,機車竊盜,2019-04-10,08,10,臺北市士林區東山里德行東路331巷54弄1~30號,25.1129836,121.5384969
259,機車竊盜,2019-04-12,10,12,臺北市信義區松山路151~180號,25.046597,121.578015
260,機車竊盜,2019-04-25,06,08,臺北市文山區萬興里009鄰指南路2段61~90號,24.9899037,121.576313
261,機車竊盜,2019-04-28,12,14,臺北市萬華區中華路2段606巷(人行道),25.024061,121.5097152
262,機車竊盜,2019-04-29,00,02,臺北市萬華區和平西路3段331~360號,25.0356561,121.4927505
263,機車竊盜,2019-05-02,10,12,臺北市萬華區桂林路91~120號,25.0385456,121.5014143
264,機車竊盜,2019-05-05,16,18,臺北市北投區開明里復興一路31~60號,25.139899,121.502543
265,機車竊盜,2019-05-26,04,06,臺北市南港區新光里忠孝東路7段265巷(口),25.051858,121.603558
266,機車竊盜,2019-05-26,18,20,臺北市信義區三張里松仁路202巷1~30號,25.0271989,121.568032
267,機車竊盜,2019-05-29,14,16,臺北市北投區林泉里溫泉路121~150號,25.1367187,121.5122844
268,機車竊盜,2019-05-30,20,22,臺北市士林區福佳里美崙街86巷1~30號,25.0968142,121.5211641
269,機車竊盜,2019-05-30,22,24,臺北市士林區福佳里文昌路91~120號,25.096279,121.5209769
270,機車竊盜,2019-05-31,06,08,臺北市大同區重慶北路2段97巷31~60號,25.056518,121.515104
271,機車竊盜,2019-06-01,18,20,臺北市士林區福德路1~30號,25.093535,121.52623
272,機車竊盜,2019-06-06,18,20,臺北市大同區民生西路301~330號,25.0570961,121.5128754
273,機車竊盜,2019-06-09,12,14,臺北市北投區吉利里石牌路1段39巷151~180號,25.1131323,121.5101998
274,機車竊盜,2019-06-10,22,24,臺北市信義區景聯里吳興街31~60號,25.0314223,121.5599322
275,機車竊盜,2019-06-11,12,14,臺北市士林區葫蘆里中正路631~660號,25.0862036,121.5085208
276,機車竊盜,2019-06-12,22,24,臺北市南港區南港里興中路61~90號,25.0567315,121.6069894
277,機車竊盜,2019-06-13,06,08,臺北市信義區五全里永吉路278巷58弄1~30號,25.04506,121.574577
278,機車竊盜,2019-06-16,02,04,臺北市萬華區和平西路3段331~360號,25.0356561,121.4927505
279,機車竊盜,2019-06-16,02,04,臺北市信義區黎順里崇德街31~60號,25.0243982,121.5539101
280,機車竊盜,2019-06-16,06,08,臺北市大同區太原路61~90號,25.0513873,121.5155936
281,機車竊盜,2019-06-17,02,04,臺北市大同區延平北路2段61巷1~30號,25.0555363,121.5118536
282,機車竊盜,2019-06-18,00,02,臺北市大同區鄭州路121~150號,25.0503611,121.5109208
283,機車竊盜,2019-06-18,02,04,臺北市大同區承德路3段85巷,25.0660533,121.5187156
284,機車竊盜,2019-06-18,10,12,臺北市士林區葫蘆里中正路631~660號,25.0862036,121.5085208
285,機車竊盜,2019-06-18,10,12,臺北市文山區萬興里015鄰指南路2段45巷8弄1~30號,24.9888212,121.5757337
286,機車竊盜,2019-06-19,18,20,臺北市內湖區民權東路6段180巷77弄1~30號,25.066223,121.593238
287,機車竊盜,2019-06-21,14,16,臺北市北投區文林路181~210號,25.0895993,121.5269503
288,機車竊盜,2019-06-21,22,24,臺北市南港區舊莊里舊莊街1段181~210號,25.0392346,121.6216939
289,機車竊盜,2019-06-22,04,06,臺北市萬華區廣州街211~240號,25.0369892,121.4999073
290,機車竊盜,2019-06-22,16,18,臺北市內湖區東湖路113巷49弄121~150號,25.0706852,121.6153898
291,機車竊盜,2019-06-25,22,24,臺北市大同區民權西路91~120號,25.0630764,121.5188695
292,機車竊盜,2019-06-26,02,04,臺北市中正區廈安里中華路2段121~150號,25.029695,121.504177
293,機車竊盜,2019-06-28,20,22,臺北市士林區葫蘆里中正路635巷1~30號,25.0861057,121.5086877
294,機車竊盜,2019-07-03,20,22,臺北市大同區民族西路252巷(大同公園旁機車停車格),25.066061,121.5151063
295,機車竊盜,2019-07-05,20,22,臺北市文山區興光里興隆路3段151~180號,24.9981679,121.5590213
296,機車竊盜,2019-07-10,00,02,臺北市內湖區康寧路3段189巷31~60號,25.0708077,121.6131244
297,機車竊盜,2019-07-10,14,16,臺北市中正區中山南路1~30號,25.0405611,121.5190036
298,機車竊盜,2019-07-11,04,06,臺北市中山區中山區林森北路與民權東路口(西北角),25.0627123,121.5264705
299,機車竊盜,2019-07-11,16,18,臺北市士林區福林里中山北路5段190巷,25.0866253,121.5265378
300,機車竊盜,2019-07-14,00,02,臺北市士林區仁勇里大北路31~60號,25.0898094,121.5261111
301,機車竊盜,2019-07-16,04,06,臺北市信義區松光里忠孝東路5段492巷,25.0403675,121.5783804
302,機車竊盜,2019-07-16,12,14,臺北市士林區福順里延平北路5段121~150號,25.0817509,121.5102629
303,機車竊盜,2019-07-16,14,16,臺北市士林區舊佳里前街21巷,25.0978512,121.5251069
304,機車竊盜,2019-07-16,14,16,臺北市南港區鴻福里玉成街201巷2弄1~30號,25.0441573,121.5851181
305,機車竊盜,2019-07-16,22,24,臺北市士林區新光醫院路,25.0964568,121.5209181
306,機車竊盜,2019-07-17,10,12,臺北市文山區興家里興隆路3段241~270號,24.9931368,121.5591152
307,機車竊盜,2019-07-18,00,02,臺北市士林區通河東街1段200巷,25.0903786,121.5158495
308,機車竊盜,2019-07-20,06,08,臺北市中山區錦州街4巷內,25.0597522,121.5237961
309,機車竊盜,2019-07-20,16,18,臺北市中山區敬業四路,25.0815902,121.5585164
310,機車竊盜,2019-07-25,04,06,臺北市大安區黎元里安居街61~90號,25.0192966,121.5532542
311,機車竊盜,2019-07-26,00,02,臺北市信義區黎平里和平東路3段391巷8弄31~60號,25.0207337,121.5576168
312,機車竊盜,2019-07-27,08,10,臺北市南港區成福里成福路171巷40弄1~30號,25.0411466,121.5893902
313,機車竊盜,2019-07-27,12,14,臺北市中正區忠勤里西藏路1~30號,25.0304324,121.5070797
314,機車竊盜,2019-07-30,08,10,臺北市大同區南京西路18巷1~30號,25.051825,121.520156
315,機車竊盜,2019-08-01,18,20,臺北市士林區三玉里忠誠路2段21巷45弄1~30號,25.110107,121.5328685
316,機車竊盜,2019-08-03,00,02,臺北市信義區黎平里富陽街55巷1~30號,25.0224681,121.5570715
317,機車竊盜,2019-08-03,02,04,臺北市萬華區昆明街31~60號,25.047191,121.5060192
318,機車竊盜,2019-08-05,18,20,臺北市南港區中南里忠孝東路7段415巷(內),25.0526411,121.6090236
319,機車竊盜,2019-08-08,08,10,臺北市內湖區康樂街72巷17弄31~60號,25.0705217,121.6174917
320,機車竊盜,2019-08-08,22,24,臺北市內湖區成功路4段331~360號,25.0844694,121.5992373
321,機車竊盜,2019-08-09,16,18,臺北市中山區中山區民生西路3巷內(馬偕醫院停車場處附,25.0585536,121.5224199
322,機車竊盜,2019-08-09,16,18,臺北市萬華區國興路1巷1~30號,25.0242964,121.5088074
323,機車竊盜,2019-08-10,06,08,臺北市文山區興業里辛亥路5段31~60號,24.999553,121.554172
324,機車竊盜,2019-08-10,10,12,臺北市北投區關渡里知行路361~390號,25.1173088,121.463383
325,機車竊盜,2019-08-10,20,22,臺北市大安區信義路4段186巷,25.0325252,121.5515914
326,機車竊盜,2019-08-11,00,02,臺北市信義區虎林街242巷1~30號,25.0364043,121.5776498
327,機車竊盜,2019-08-11,16,18,臺北市中山區五股區工商路1~30號,25.0824371,121.4398227
328,機車竊盜,2019-08-12,20,22,臺北市大同區承德路1段與太原路115巷口,25.0523668,121.5173797
329,機車竊盜,2019-08-13,02,04,臺北市信義區松隆路1~30號,25.0433229,121.567281
330,機車竊盜,2019-08-13,02,04,臺北市信義區中坡南路162巷1~30號,25.0394267,121.5839763
331,機車竊盜,2019-08-13,02,04,臺北市信義區福德街31~60號,25.0364299,121.5802155
332,機車竊盜,2019-08-13,02,04,臺北市信義區松隆路1~30號,25.0433229,121.567281
333,機車竊盜,2019-08-13,12,14,臺北市信義區五全里永吉路278巷57弄1~30號,25.0435055,121.574249
334,機車竊盜,2019-08-13,18,20,臺北市中正區中山北路1段,25.0479562,121.5206803
335,機車竊盜,2019-08-15,16,18,臺北市萬華區西園路2段241~270號,25.0266037,121.4936088
336,機車竊盜,2019-08-16,02,04,臺北市大同區民樂街121~150號,25.0576212,121.5106798
337,機車竊盜,2019-08-17,12,14,臺北市大同區南京西路167巷1~30號,25.0562783,121.5125391
338,機車竊盜,2019-08-22,16,18,臺北市士林區百齡里福港街259巷13弄1~30號,25.0844239,121.5185042
339,機車竊盜,2019-08-22,18,20,臺北市內湖區康寧路3段189巷93弄1~30號,25.073476,121.612353
340,機車竊盜,2019-08-23,14,16,臺北市北投區裕民里8鄰東華街1段418巷1~30號,25.1074387,121.520807
341,機車竊盜,2019-08-23,22,24,臺北市士林區義信里大東路1~30號,25.0902739,121.5255242
342,機車竊盜,2019-08-24,08,10,臺北市中山區松江路204巷1~30號,25.0573726,121.5325231
343,機車竊盜,2019-08-24,08,10,臺北市萬華區萬大路571~600號,25.0179065,121.4965491
344,機車竊盜,2019-08-24,18,20,臺北市南港區合成里忠孝東路6段271~300號,25.0498129,121.5897753
345,機車竊盜,2019-08-26,00,02,臺北市北投區大度路1段151~180號,25.1207723,121.4981895
346,機車竊盜,2019-08-26,04,06,臺北市萬華區成都路1~30號,25.0426587,121.5080133
347,機車竊盜,2019-08-28,16,18,臺北市南港區南港里南港路1段277巷,25.0545107,121.6087692
348,機車竊盜,2019-08-29,22,24,臺北市信義區松山路301~330號,25.042678,121.578054
349,機車竊盜,2019-08-30,04,06,臺北市中正區幸市里新生南路1段31~60號,25.0395752,121.5325435
350,機車竊盜,2019-08-31,06,08,臺北市文山區興得里辛亥路5段1~30號,25.0005918,121.5546655
351,機車竊盜,2019-09-02,12,14,臺北市中正區東門里金山南路1段121~150號,25.0360636,121.5278554
352,機車竊盜,2019-09-03,20,22,臺北市大安區華聲里光復南路200巷1~30號,25.0421034,121.5559959
353,機車竊盜,2019-09-08,14,16,臺北市文山區木柵里019鄰秀明路1段185巷34弄1~30號,24.9926341,121.5696687
354,機車竊盜,2019-09-08,16,18,臺北市萬華區和平西路3段1~30號,25.0347743,121.5039942
355,機車竊盜,2019-09-08,20,22,臺北市大同區民權西路211~240號,25.0631854,121.515093
356,機車竊盜,2019-09-17,16,18,臺北市北投區一德里中央北路4段(與學園路口),25.1398881,121.4848853
357,機車竊盜,2019-09-21,08,10,臺北市萬華區萬大路481~510號,25.0203058,121.4981059
358,機車竊盜,2019-09-24,10,12,臺北市中正區南福里羅斯福路2段31~60號,25.02786,121.522134
359,機車竊盜,2019-09-25,04,06,臺北市北投區裕民里懷德街31~60號,25.1120848,121.5193251
360,機車竊盜,2019-09-26,22,24,臺北市中山區鄧公路31巷1~30號,25.170857,121.4514048
361,機車竊盜,2019-09-29,02,04,臺北市信義區和平東路3段571~600號,25.0151229,121.5617241
362,機車竊盜,2019-10-01,22,24,臺北市萬華區(西園路與廣州街口),25.036731,121.4976133
363,機車竊盜,2019-10-02,18,20,臺北市北投區關渡里知行路225巷1~30號,25.1204797,121.4661881
364,機車竊盜,2019-10-05,08,10,臺北市士林區中正路635巷,25.0861047,121.508341
365,機車竊盜,2019-10-06,16,18,臺北市中正區博愛路1~30號,25.0462643,121.5114555
366,機車竊盜,2019-10-09,02,04,臺北市萬華區(洛陽停車場環河南路一段出口旁人行道上),25.0484022,121.5060636
367,機車竊盜,2019-10-09,12,14,臺北市文山區羅斯福路5段218巷1~30號,25.0028568,121.5370722
368,機車竊盜,2019-10-10,08,10,臺北市文山區萬年里公館街31~60號,25.0053964,121.5374849
369,機車竊盜,2019-10-12,08,10,臺北市中山區林森北路271~300號,25.0551668,121.5256069
370,機車竊盜,2019-10-19,02,04,臺北市中正區建國里博愛路160巷,25.0417345,121.5107423
371,機車竊盜,2019-10-23,22,24,臺北市士林區福佳里文昌路91~120號,25.096279,121.5209769
372,機車竊盜,2019-10-24,22,24,臺北市中正區建國里寶慶路31~60號,25.0413956,121.5110539
373,機車竊盜,2019-10-25,20,22,臺北市萬華區長順街46巷31~60號,25.0312468,121.4890399
374,機車竊盜,2019-10-26,00,02,臺北市文山區興泰里興隆路2段271~300號,25.0016236,121.5524378
375,機車竊盜,2019-10-28,00,02,臺北市士林區大西路61~90號,25.0912141,121.5246125
376,機車竊盜,2019-10-29,04,06,臺北市萬華區漢口街二段31~60號,25.0456548,121.5074978
377,機車竊盜,2019-10-29,14,16,臺北市大安區長安西路271~300號,25.0521586,121.5106688
378,機車竊盜,2019-10-30,16,18,臺北市士林區岩山里忠義街71巷1~30號,25.1059127,121.5318374
379,機車竊盜,2019-10-31,18,20,臺北市中山區錦西街1~30號,25.0604494,121.5221763
380,機車竊盜,2019-11-03,04,06,臺北市大同區延平北路3段91~120號,25.0676671,121.5111153
381,機車竊盜,2019-11-03,18,20,臺北市中山區民生東路1段27巷1~30號,25.058287,121.5249513
382,機車竊盜,2019-11-04,00,02,臺北市萬華區中興橋機車引道下橋處,25.0472593,121.4831594
383,機車竊盜,2019-11-08,00,02,臺北市士林區福華里和豐街31~60號,25.0825779,121.5183057
384,機車竊盜,2019-11-08,14,16,臺北市中山區民族東路410巷1~30號,25.0675443,121.5384376
385,機車竊盜,2019-11-16,02,04,臺北市南港區合成里市民大道7段181~210號,25.0496858,121.5833461
386,機車竊盜,2019-11-17,06,08,臺北市北投區一德里中央北路4段583巷11弄1~30號,25.124884,121.465876
387,機車竊盜,2019-11-18,00,02,臺北市南港區忠孝東路6段451~480號,25.0506282,121.5937913
388,機車竊盜,2019-11-20,14,16,臺北市大安區市民大道3段301~330號,25.0445925,121.5432393
389,機車竊盜,2019-11-20,20,22,臺北市萬華區長沙街2段91~120號,25.040588,121.504961
390,機車竊盜,2019-11-23,14,16,臺北市松山區南京東路5段23巷,25.052599,121.558043
391,機車竊盜,2019-11-26,10,12,臺北市信義區吳興街260巷,25.0262992,121.5633376
392,機車竊盜,2019-11-28,02,04,臺北市南港區合成里忠孝東路6段225巷1弄1~30號,25.0495906,121.588346
393,機車竊盜,2019-11-28,06,08,臺北市南港區合成里市民大道7段181~210號,25.0496858,121.5833461
394,機車竊盜,2019-12-08,22,24,臺北市大同區鄭州路143巷,25.0510401,121.5098741
395,機車竊盜,2019-12-11,04,06,臺北市士林區德行東路109巷64弄,25.1095366,121.5285195
396,機車竊盜,2019-12-11,16,18,臺北市南港區南港路3段181~210號,25.0514792,121.5813688
397,機車竊盜,2019-12-11,16,18,臺北市北投區中央南路1段91~120號,25.128532,121.501093
398,機車竊盜,2019-12-18,18,20,臺北市士林區聖山里德行東路190巷2弄1~30號,25.1082443,121.5310343
399,機車竊盜,2019-12-18,18,20,臺北市士林區芝山里士東路241~270號,25.1137024,121.5380451
400,機車竊盜,2019-12-19,00,02,臺北市信義區忠孝東路5段(松山路口),25.041862,121.575508
401,機車竊盜,2019-12-24,22,24,臺北市中正區建國里(中華路一段與貴陽街一段口),25.0391925,121.5076223
402,機車竊盜,2019-12-27,18,20,臺北市士林區福林里中山北路5段505巷31~60號,25.0930187,121.5271123
403,機車竊盜,2019-12-29,02,04,臺北市大同區民生西路61~90號,25.0577144,121.5201753
404,機車竊盜,2019-12-31,04,06,臺北市信義區永吉路68巷,25.0454791,121.5698359
405,機車竊盜,2020-01-05,02,04,臺北市信義區基隆路1段37巷1~30號,25.0470331,121.5687682
406,機車竊盜,2020-01-05,12,14,臺北市北投區東華里致遠三路91~120號,25.12152,121.5111453
407,機車竊盜,2020-01-06,18,20,臺北市文山區興家里興隆路3段185巷11弄1~30號,24.9955218,121.5622576
408,機車竊盜,2020-01-06,20,22,臺北市北投區開明里中和街301~330號,25.140576,121.500053
409,機車竊盜,2020-01-13,22,24,臺北市中正區幸市里忠孝東路2段121~150號,25.0425696,121.5322535
410,機車竊盜,2020-01-14,10,12,臺北市中正區建國里衡陽路61~90號,25.0424118,121.5119556
411,機車竊盜,2020-01-22,22,24,臺北市大安區光武里大安路1段31巷1~30號,25.0441415,121.5463717
412,機車竊盜,2020-01-25,02,04,臺北市北投區中庸里大同街301~330號,25.1398552,121.4992362
413,機車竊盜,2020-01-29,08,10,臺北市萬華區貴陽街2段121~150號,25.0403188,121.5015785
414,機車竊盜,2020-01-29,12,14,臺北市北投區榮華里明德路150巷31~60號,25.1099067,121.5221439
415,機車竊盜,2020-01-30,06,08,臺北市萬華區環河南路2段250巷25弄1~30號,25.0337959,121.4899653
416,機車竊盜,2020-01-30,12,14,臺北市中山區錦西街1~30號,25.0604494,121.5221763
417,機車竊盜,2020-02-02,00,02,臺北市萬華區和平西路3段361~390號,25.035286,121.492062
418,機車竊盜,2020-02-02,20,22,臺北市大安區忠孝東路4段331~360號,25.0416628,121.5569113
419,機車竊盜,2020-02-03,08,10,臺北市士林區福佳里文昌路91~120號,25.096279,121.5209769
420,機車竊盜,2020-02-04,08,10,臺北市北投區福興里自強街1~30號,25.1100792,121.5127828
421,機車竊盜,2020-02-04,14,16,臺北市北投區大同里北投路2段1~30號,25.130273,121.499443
422,機車竊盜,2020-02-05,00,02,臺北市大安區通化街211~240號,25.0264032,121.5532659
423,機車竊盜,2020-02-08,22,24,臺北市士林區福佳里文昌路31~60號,25.0952568,121.5212915
424,機車竊盜,2020-02-09,02,04,臺北市中山區中原街91~120號,25.0597691,121.5290267
425,機車竊盜,2020-02-09,02,04,臺北市大安區中原街91~120號,25.0597691,121.5290267
426,機車竊盜,2020-02-10,00,02,臺北市北投區中央北路1段151~180號,25.135359,121.498516
427,機車竊盜,2020-02-10,22,24,臺北市士林區前港里後港路197巷1~30號,25.0882339,121.520907
428,機車竊盜,2020-02-11,02,04,臺北市士林區義信里大西路1~30號,25.089643,121.524033
429,機車竊盜,2020-02-11,10,12,臺北市士林區福佳里文昌路91~120號,25.096279,121.5209769
430,機車竊盜,2020-02-12,22,24,臺北市萬華區昆明街121~150號,25.041789,121.504718
431,機車竊盜,2020-02-14,22,24,臺北市大安區和安里建國南路1段291巷1~30號,25.0358099,121.538454
432,機車竊盜,2020-02-21,12,14,臺北市士林區福佳里基河路361~390號,25.0979747,121.5140686
433,機車竊盜,2020-02-22,14,16,臺北市北投區中央北路2段301~330號,25.138283,121.489781
434,機車竊盜,2020-02-24,02,04,臺北市大安區忠孝東路四段91~120號,25.0417877,121.547781
435,機車竊盜,2020-02-24,04,06,臺北市大同區民族西路187巷1~30號,25.0689176,121.5149961
436,機車竊盜,2020-02-25,00,02,臺北市萬華區成都路31~60號,25.042675,121.506762
437,機車竊盜,2020-02-26,22,24,臺北市中正區北平西路1~30號,25.046824,121.519112
438,機車竊盜,2020-02-27,22,24,臺北市大同區南京西路64巷10弄,25.0525691,121.5183437
439,機車竊盜,2020-02-28,14,16,臺北市內湖區江南街71巷16弄31~60號,25.07596,121.5772614
440,機車竊盜,2020-02-29,08,10,臺北市士林區福志里福志路52巷1~30號,25.09908,121.529841
441,機車竊盜,2020-02-29,22,24,臺北市萬華區武昌街2段121~150號,25.0457499,121.5048005
442,機車竊盜,2020-03-01,12,14,臺北市大安區四維路228巷1~30號,25.0256171,121.5473329
443,機車竊盜,2020-03-01,16,18,臺北市中正區黎明里懷寧路61~90號,25.0464937,121.5141175
444,機車竊盜,2020-03-01,22,24,臺北市中正區東門里林森南路61巷1~30號,25.0395632,121.5228103
445,機車竊盜,2020-03-02,14,16,臺北市大安區復興南路1段155巷(內),25.0418741,121.5440317
446,機車竊盜,2020-03-03,02,04,臺北市南港區成福里成福路171巷22弄1~30號,25.0413073,121.588938
447,機車竊盜,2020-03-04,10,12,臺北市中正區重慶南路1段121~150號,25.0422128,121.5133522
448,機車竊盜,2020-03-04,14,16,臺北市大同區長安西路121~150號,25.0513641,121.5145551
449,機車竊盜,2020-03-05,10,12,臺北市中正區建國里(博愛路與貴陽街口人行道),25.0389282,121.5112206
450,機車竊盜,2020-03-07,10,12,臺北市萬華區昆明街91~120號,25.0425483,121.5048969
451,機車竊盜,2020-03-10,08,10,臺北市大同區寧夏路61~90號,25.0582507,121.5153195
452,機車竊盜,2020-03-13,04,06,臺北市士林區臨溪里至善路2段91~120號,25.098136,121.545927
453,機車竊盜,2020-03-13,22,24,臺北市萬華區漢口街2段61~90號,25.0460902,121.5057973
454,機車竊盜,2020-03-14,04,06,臺北市中正區黎明里(館前路與漢口街西南角(機車停車格內)),25.0485964,121.5159328
455,機車竊盜,2020-03-14,08,10,臺北市文山區萬興里026鄰新光路1段95巷1~30號,24.9911574,121.5747031
456,機車竊盜,2020-03-18,00,02,臺北市松山區八德路2段437巷1弄1~30號,25.0488903,121.5473022
457,機車竊盜,2020-03-18,14,16,臺北市內湖區內湖路1段91巷38弄,25.0856856,121.5627215
458,機車竊盜,2020-03-22,16,18,臺北市中山區龍江路301~330號,25.060965,121.5408919
459,機車竊盜,2020-03-23,22,24,臺北市北投區永和里行義路(龍鳳谷停車場),25.1438278,121.5286374
460,機車竊盜,2020-03-27,16,18,臺北市大同區敦煌路121~150號,25.076664,121.5128283
461,機車竊盜,2020-03-31,16,18,臺北市北投區豐年里大業路527巷1~30號,25.137423,121.4913236
462,機車竊盜,2020-04-04,16,18,臺北市萬華區昆明街61~90號,25.0435822,121.5050827
463,機車竊盜,2020-04-07,00,02,臺北市大同區錦西街(與民權西路102巷口),25.0602221,121.5176685
464,機車竊盜,2020-04-09,04,06,臺北市士林區社新里中正路661~690號,25.085721,121.507646
465,機車竊盜,2020-04-15,02,04,臺北市士林區忠誠路2段41巷31~60號,25.1103375,121.5324771
466,機車竊盜,2020-04-15,20,22,臺北市松山區敦化北路120巷,25.0539182,121.5476116
467,機車竊盜,2020-04-16,04,06,臺北市中正區永功里三元街181~210號,25.0278697,121.5120843
468,機車竊盜,2020-04-18,14,16,臺北市大安區華聲里光復南路200巷1~30號,25.0421034,121.5559959
469,機車竊盜,2020-04-19,20,22,臺北市士林區福林里至善路1段121~150號,25.1004619,121.5498563
470,機車竊盜,2020-04-21,06,08,臺北市萬華區環河南路2段241~270號,25.0314128,121.490959
471,機車竊盜,2020-05-03,06,08,臺北市大同區迪化街2段364巷,25.0729976,121.5118456
472,機車竊盜,2020-05-06,06,08,臺北市中山區大佳河濱公園停車場內,25.07469,121.5411006
473,機車竊盜,2020-05-07,00,02,臺北市大安區民輝里忠孝東路3段1~30號,25.041636,121.535784
474,機車竊盜,2020-05-07,02,04,臺北市士林區臨溪里至善路2段(劍南路口),25.102794,121.5531956
475,機車竊盜,2020-05-09,08,10,臺北市松山區南京東街5段291巷24弄1~30號,25.0526269,121.5660464
476,機車竊盜,2020-05-14,10,12,臺北市士林區中正路631~660號,25.0862036,121.5085208
477,機車竊盜,2020-05-15,02,04,臺北市中山區雙城街與民權東路1段口,25.0627123,121.5264705
478,機車竊盜,2020-05-17,14,16,臺北市士林區大南路241~270號,25.0884783,121.520437
479,機車竊盜,2020-05-21,20,22,臺北市內湖區潭美街(與安康路106巷口),25.0606511,121.5992353
480,機車竊盜,2020-05-25,06,08,臺北市北投區大同里北投路2段31~60號,25.131392,121.497732
481,機車竊盜,2020-05-29,12,14,臺北市中正區東門里仁愛路2段1~30號,25.0385025,121.5256136
482,機車竊盜,2020-05-30,10,12,臺北市北投區東華街2段1~30號,25.1195008,121.5108884
483,機車竊盜,2020-06-02,06,08,臺北市萬華區(雙園平面停車場機車停放處),25.0326759,121.4875989
484,機車竊盜,2020-06-03,10,12,臺北市內湖區內湖路1段387巷2弄,25.0823651,121.5699836
485,機車竊盜,2020-06-07,04,06,臺北市中正區忠勤里中華路2段311巷1~30號,25.0283966,121.5057421
486,機車竊盜,2020-06-10,06,08,臺北市大安區和安里信義路3段111巷1~30號,25.034145,121.539257
487,機車竊盜,2020-06-12,02,04,臺北市南港區忠孝東路6段278巷1~30號,25.049035,121.5892754
488,機車竊盜,2020-06-15,08,10,臺北市北投區榮光里石牌路1段166巷1~30號,25.114041,121.515006
489,機車竊盜,2020-06-15,12,14,臺北市萬華區富民路145巷31~60號,25.0188279,121.500765
490,機車竊盜,2020-06-16,08,10,臺北市士林區臨溪里至善路3段336巷1~30號,25.1312627,121.5912705
491,機車竊盜,2020-06-19,04,06,臺北市文山區華興里001鄰試院路154巷3弄(底),24.9907076,121.5465675
492,機車竊盜,2020-06-24,00,02,臺北市南港區成福里成福路211巷1~30號,25.039837,121.5893453
493,機車竊盜,2020-06-25,00,02,臺北市北投區清江里中央南路1段225巷1~30號,25.128532,121.501093
494,機車竊盜,2020-06-29,16,18,臺北市士林區基河路1~30號,25.083659,121.524491
495,機車竊盜,2020-07-02,10,12,臺北市內湖區(內湖路3段59巷1~30號,25.0860478,121.5920142
496,機車竊盜,2020-07-08,08,10,臺北市南港區合成里中坡北路50巷1~30號,25.046577,121.580902
497,機車竊盜,2020-07-08,08,10,臺北市大安區和安里信義路3段111巷,25.0344001,121.5394992
498,機車竊盜,2020-07-09,14,16,臺北市北投區立農里立農街1段301~330號,25.1195162,121.5065236
499,機車竊盜,2020-07-13,20,22,臺北市文山區木新里004鄰指南路1段31~60號,24.987773,121.57111
500,機車竊盜,2020-07-20,08,10,臺北市萬華區康定路91~120號,25.0397957,121.5020696
501,機車竊盜,2020-07-23,08,10,臺北市內湖區行善路271~300號,25.0612903,121.58388
502,機車竊盜,2020-07-28,20,22,臺北市信義區五全里永吉路181~210號,25.0394978,121.5628887
503,機車竊盜,2020-07-30,22,24,臺北市內湖區成功路2段426巷1~30號,25.0700258,121.5881265
504,機車竊盜,2020-08-05,10,12,臺北市大同區長安西路與鄭州路143巷口,25.0520157,121.5100338
505,機車竊盜,2020-08-11,16,18,臺北市萬華區3和平西路3段241~270號,25.0342729,121.5045594
506,機車竊盜,2020-08-16,22,24,臺北市萬華區梧州街31~60號,25.0373131,121.4976426
507,機車竊盜,2020-08-19,18,20,臺北市中正區水源里羅斯福路4段24巷1~30號,25.0153549,121.5326961
508,機車竊盜,2020-08-25,18,20,臺北市文山區萬興里003鄰新光路1段151~180號,24.992334,121.573893
509,機車竊盜,2020-08-28,00,02,臺北市松山區南京東路5段1~30號,25.0518145,121.5574711
510,機車竊盜,2020-08-31,02,04,臺北市大同區涼州街1~30號,25.060931,121.51502
511,機車竊盜,2020-09-03,04,06,臺北市信義區莊敬路451~480號,25.027075,121.567413
512,機車竊盜,2020-09-11,20,22,臺北市北投區八仙里中央南路2段181~210號,25.1211113,121.5001408
513,機車竊盜,2020-09-13,08,10,臺北市萬華區大理街121~150號,25.0343651,121.4976865
514,機車竊盜,2020-09-13,14,16,臺北市萬華區大理街151~180號,25.0342735,121.4967753
515,機車竊盜,2020-09-13,22,24,臺北市大同區太原路161巷對面(蓬萊國小旁停車場),25.0563873,121.5157097
516,機車竊盜,2020-09-15,06,08,臺北市士林區小南街1~30號,25.0887859,121.524666
517,機車竊盜,2020-09-21,00,02,臺北市南港區舊莊里舊莊街1段211~240號,25.0385712,121.6224
518,機車竊盜,2020-09-23,20,22,臺北市大安區大學里新生南路3段94巷1~30號,25.0174911,121.5330631
519,機車竊盜,2020-10-06,00,02,臺北市大同區中山北路(市民大道),25.0482003,121.5192208
520,機車竊盜,2020-10-06,16,18,臺北市南港區合成里市民大道7段241~270號,25.0496892,121.5833702
521,機車竊盜,2020-11-03,18,20,臺北市萬華區東園街28巷,25.0265417,121.4949448
522,機車竊盜,2020-11-04,18,20,臺北市萬華區和平西路3段61~90號,25.0353443,121.5021633
523,機車竊盜,2020-11-07,20,22,臺北市松山區光復南路32巷31~60號,25.0465084,121.5550146
524,機車竊盜,2020-11-08,00,02,臺北市萬華區西寧南路31~60號,25.0477199,121.5075568
525,機車竊盜,2020-11-13,06,08,臺北市中正區愛國里中華路2段61~90號,25.0346506,121.5061277
526,機車竊盜,2020-11-23,00,02,臺北市北投區永和里行義路(龍鳳谷公園機車停放區),25.1431032,121.5282849
527,機車竊盜,2020-11-25,12,14,臺北市大同區延平北路4段與235巷口,25.0759785,121.5120656
528,機車竊盜,2020-11-30,02,04,臺北市南港區玉成里東新街1~30號,25.0494487,121.5842287
529,機車竊盜,2020-12-07,00,02,臺北市萬華區西園路2段320巷36弄1~30號,25.0265544,121.4918192
530,機車竊盜,2020-12-08,08,10,臺北市中正區建國里(貴陽街與博愛路口),25.0417823,121.5115685
531,機車竊盜,2020-12-11,00,02,臺北市松山區敦化北路181~210號,25.0549968,121.5496109
532,機車竊盜,2021-01-01,04,06,臺北市信義區六合里信義路5段150巷325弄1 ~ 30號,25.0268031,121.5696099
533,機車竊盜,2021-01-07,10,12,臺北市北投區裕民里東華街1段408巷1 ~ 30號,25.1110147,121.5185021
534,機車竊盜,2021-01-09,19,21,臺北市士林區福林里中正路181 ~ 210號,25.0943287,121.5211565
535,機車竊盜,2021-02-01,06,09,臺北市信義區永吉路120巷80弄永吉路30巷口,25.0427216,121.5687556
536,機車竊盜,2021-02-08,21,24,臺北市大同區重慶北路2段151~180號騎樓,25.0583552,121.5138409
537,機車竊盜,2020-08-09,00,03,臺北市中山區林森北路301~330號,25.055793,121.525628
538,機車竊盜,2021-02-09,18,21,臺北市士林區德華里福華路147巷1~30號,25.1031316,121.5220546
539,機車竊盜,2021-02-02,21,24,臺北市文山區萬盛里羅斯福路5段31~60號,25.0076829,121.538678
540,機車竊盜,2021-01-25,03,06,臺北市萬華區和平西路3段271~300號,25.0348309,121.5039116
541,機車竊盜,2021-01-28,15,18,臺北市大同區承德路3段285巷,25.0732147,121.5200947
542,機車竊盜,2021-01-31,06,09,臺北市信義區松隆路1~30號,25.0433229,121.567281
543,機車竊盜,2021-01-22,06,09,臺北市萬華區寶興街31~60號,25.0276814,121.4931886
544,機車竊盜,2021-02-15,18,21,臺北市中正區廈門街1~30號,25.0271873,121.5182974
545,機車竊盜,2021-02-18,06,09,臺北市北投區石牌路1段166巷69弄1~30號,25.1130853,121.5153483
546,機車竊盜,2021-01-26,15,18,臺北市萬華區華中橋下停車場,25.0157034,121.4965292
547,機車竊盜,2021-01-11,06,09,臺北市文山區木新里007鄰指南路1段91~120號1樓前,24.9877071,121.5749392
548,機車竊盜,2021-01-20,21,24,臺北市信義區松信路121~150號前,25.0505754,121.5750543
549,機車竊盜,2020-12-13,00,03,臺北市中正區汀州路3段104巷1~30號,25.0141295,121.5332364
550,機車竊盜,2020-12-23,18,21,臺北市士林區福德里基河路231~260號,25.0907534,121.5221273
551,機車竊盜,2015-11-27,18,21,臺北市大安區通安里安和路2段59巷1~30號,25.0309961,121.5526633
552,機車竊盜,2021-01-26,09,12,臺北市北投區智仁里杏林二路19巷口,25.1418879,121.4981005
553,機車竊盜,2020-08-09,00,03,臺北市中山區林森北路301~330號,25.055793,121.525628
554,機車竊盜,2021-02-22,09,12,臺北市文山區興得里興隆路3段112巷4弄31~60號,24.998785,121.5566828
555,機車竊盜,2021-01-31,00,03,臺北市信義區敦厚里基隆路1段101~130號,25.045244,121.567115
556,機車竊盜,2021-02-01,00,03,臺北市南港區南港里南港路1段277巷口,25.0526844,121.6068835
557,機車竊盜,2021-02-08,03,06,臺北市北投區吉慶里承德路7段188巷1~30號,25.1142902,121.5081725
558,機車竊盜,2021-03-08,18,21,臺北市大安區學府里辛亥路3段271~300號,25.0155927,121.5516592
559,機車竊盜,2021-03-09,00,03,臺北市大安區民炤里新生南路1段139巷,25.0366202,121.5330733
560,機車竊盜,2021-02-06,18,21,臺北市信義區松山路與松隆路口,25.0479888,121.577843
561,機車竊盜,2021-03-06,03,06,臺北市大同區迪化街1段331~360號,25.0625579,121.5093696
562,機車竊盜,2021-02-15,21,24,臺北市大同區鄭州路121~150號,25.0503611,121.5109208
563,機車竊盜,2021-03-05,12,15,臺北市士林區大南路331~360號,25.0889294,121.5175468
564,機車竊盜,2021-01-28,12,15,臺北市中山區中山北路1段121~150號,25.0561769,121.5230036
565,機車竊盜,2020-12-21,12,15,臺北市北投區自強街61~90號,25.1106951,121.5139324
566,機車竊盜,2021-03-23,03,06,臺北市大同區敦煌路1~30號,25.0751808,121.5208977
567,機車竊盜,2021-03-06,03,06,臺北市大同區延平北路3段91~120號,25.0676671,121.5111153
568,機車竊盜,2021-03-15,03,06,臺北市萬華區西園路2段261巷1~30號,25.024652,121.4933921
569,機車竊盜,2021-02-28,06,09,臺北市內湖區成功路4段182巷8弄1~30號,25.0842355,121.5935377
570,機車竊盜,2021-03-11,03,06,臺北市北投區清江里崇仁路1段61~90號,25.1268474,121.5014953
571,機車竊盜,2021-03-18,00,03,臺北市北投區建民里承德路6段331~360號,25.1024186,121.5121551
572,機車竊盜,2021-03-06,00,03,臺北市北投區榮光里石牌路1段166巷91~120號,25.1124419,121.5151544
573,機車竊盜,2021-02-19,12,15,臺北市內湖區民權東路6段31~60號,25.0690949,121.5811924
574,機車竊盜,2020-12-25,12,15,臺北市士林區福志里雨農路74號B1樓,25.0996751,121.5327623
575,機車竊盜,2021-02-26,06,09,臺北市中正區羅斯福路4段12巷1~30號,25.0157547,121.5328968
576,機車竊盜,2021-03-05,18,21,臺北市北投區八仙里中央南路2段121~150號,25.1217136,121.5002375
577,機車竊盜,2021-03-05,21,24,臺北市士林區天福里天母東路8巷91~120號,25.1144906,121.5304435
578,機車竊盜,2021-02-20,18,21,臺北市大同區鄭州路31~60號,25.0494395,121.5141067
579,機車竊盜,2021-03-20,15,18,臺北市中正區光復里延平南路61~90號,25.0338719,121.5073478
580,機車竊盜,2021-01-26,15,18,臺北市中正區中山北路1段31~60號,25.052522,121.5228567
581,機車竊盜,2021-03-04,15,18,臺北市中山區雙城街10巷內,25.0642289,121.5242888
582,機車竊盜,2021-03-04,15,18,臺北市中山區德惠街170巷5號1樓前,25.0662561,121.5318942
583,機車竊盜,2021-02-08,15,18,臺北市萬華區青年路168巷2弄31~60號,25.020086,121.501665
584,機車竊盜,2021-04-01,00,03,臺北市南港區南港捷運站外2號出口,25.0548748,121.6168358
585,機車竊盜,2021-03-05,03,06,臺北市中山區德惠街170巷5號對面,25.0662561,121.5318942
586,機車竊盜,2021-03-06,03,06,臺北市北投區八仙里崇仁路1段151~180號,25.123703,121.5022665
587,機車竊盜,2021-03-06,00,03,臺北市北投區文林里自強街31~60號,25.1103368,121.5128452
588,機車竊盜,2019-03-12,18,21,臺北市萬華區漢口街2段54號B1樓,25.0456823,121.5060261
589,機車竊盜,2021-04-07,12,15,臺北市文山區華興里019鄰富山路1巷口,24.988619,121.553171
590,機車竊盜,2021-04-15,09,12,臺北市萬華區堤外便道往市民大道方向,25.0371623,121.4999007
591,機車竊盜,2021-04-04,15,18,臺北市信義區大仁里林口街38巷福德街84巷口,25.038449,121.5808917
592,機車竊盜,2021-04-21,15,18,臺北市士林區三玉里士東路181~210號,25.112792,121.5349063
593,機車竊盜,2021-04-22,06,09,臺北市南港區九如里研究院路3段245號前(中華科技大學機車停車場),25.0338378,121.6103773
594,機車竊盜,2021-02-16,18,21,臺北市信義區正和里光復南路443巷8號前,25.0354813,121.5582832
595,機車竊盜,2021-04-23,18,21,臺北市萬華區富民路145巷15弄31~60號,25.018881,121.499525
